"Status","Start Time","Stop Time","Duration in ms","Parent Suite","Suite","Sub Suite","Test Class","Test Method","Name","Description"
"passed","Tue Sep 29 07:42:14 UTC 2026","Tue Sep 29 07:42:18 UTC 2026","4014","","Product API - HTTP Protocol Validation","","PUT update product returns HTTP 200","","PUT update product returns HTTP 200","  As a QA Engineer
  I want to validate the Product REST API
  So that the SOA backend services meet contract requirements"
"passed","Tue Sep 29 07:42:58 UTC 2026","Tue Sep 29 07:43:02 UTC 2026","3267","","User Authentication","","Login fails with invalid username","","Login fails with invalid username","  As a ShopSphere customer
  I want to log into my account
  So that I can access my personalised shopping experience"
"passed","Tue Sep 29 07:42:14 UTC 2026","Tue Sep 29 07:42:19 UTC 2026","4062","","Product API - HTTP Protocol Validation","","GET all products returns HTTP 200 with JSON body","","GET all products returns HTTP 200 with JSON body","  As a QA Engineer
  I want to validate the Product REST API
  So that the SOA backend services meet contract requirements"
"passed","Tue Sep 29 07:43:25 UTC 2026","Tue Sep 29 07:43:28 UTC 2026","3296","","Product Browsing","","Sort products by price low to high","","Sort products by price low to high","  As a ShopSphere customer
  I want to browse and sort products
  So that I can find what I want to buy"
"passed","Tue Sep 29 07:42:14 UTC 2026","Tue Sep 29 07:42:19 UTC 2026","4050","","User Service API Validation","","GET all users returns HTTP 200","","GET all users returns HTTP 200","  As a QA Engineer
  I want to validate User REST API endpoints
  So that user management SOA service is functioning correctly"
"passed","Tue Sep 29 07:42:19 UTC 2026","Tue Sep 29 07:42:19 UTC 2026","253","","User Service API Validation","","GET limited users list respects limit parameter","","GET limited users list respects limit parameter","  As a QA Engineer
  I want to validate User REST API endpoints
  So that user management SOA service is functioning correctly"
"passed","Tue Sep 29 07:42:14 UTC 2026","Tue Sep 29 07:42:18 UTC 2026","3992","","Product API - HTTP Protocol Validation","","DELETE product returns HTTP 200 or 204","","DELETE product returns HTTP 200 or 204","  As a QA Engineer
  I want to validate the Product REST API
  So that the SOA backend services meet contract requirements"
"passed","Tue Sep 29 07:42:14 UTC 2026","Tue Sep 29 07:42:18 UTC 2026","4016","","Product API - HTTP Protocol Validation","","GET product by valid ID returns product details","","GET product by valid ID returns product details","  As a QA Engineer
  I want to validate the Product REST API
  So that the SOA backend services meet contract requirements"
"passed","Tue Sep 29 07:42:19 UTC 2026","Tue Sep 29 07:42:19 UTC 2026","292","","User Service API Validation","","GET users in ascending sort order","","GET users in ascending sort order","  As a QA Engineer
  I want to validate User REST API endpoints
  So that user management SOA service is functioning correctly"
"passed","Tue Sep 29 07:42:14 UTC 2026","Tue Sep 29 07:42:18 UTC 2026","3858","","Product API - HTTP Protocol Validation","","HEAD request returns headers without body","","HEAD request returns headers without body","  As a QA Engineer
  I want to validate the Product REST API
  So that the SOA backend services meet contract requirements"
"passed","Tue Sep 29 07:43:02 UTC 2026","Tue Sep 29 07:43:05 UTC 2026","3289","","User Authentication","","Login fails with invalid password","","Login fails with invalid password","  As a ShopSphere customer
  I want to log into my account
  So that I can access my personalised shopping experience"
"passed","Tue Sep 29 07:43:35 UTC 2026","Tue Sep 29 07:43:38 UTC 2026","3241","","Product Browsing","","Add product to cart from listing","","Add product to cart from listing","  As a ShopSphere customer
  I want to browse and sort products
  So that I can find what I want to buy"
"passed","Tue Sep 29 07:42:19 UTC 2026","Tue Sep 29 07:42:19 UTC 2026","212","","User Service API Validation","","GET user by valid ID returns user details","","GET user by valid ID returns user details","  As a QA Engineer
  I want to validate User REST API endpoints
  So that user management SOA service is functioning correctly"
"passed","Tue Sep 29 07:43:19 UTC 2026","Tue Sep 29 07:43:22 UTC 2026","3229","","User Authentication","","Login validation with multiple user types","","Login validation with multiple user types","  As a ShopSphere customer
  I want to log into my account
  So that I can access my personalised shopping experience"
"passed","Tue Sep 29 07:42:55 UTC 2026","Tue Sep 29 07:42:58 UTC 2026","3242","","User Authentication","","Successful login with valid credentials","","Successful login with valid credentials","  As a ShopSphere customer
  I want to log into my account
  So that I can access my personalised shopping experience"
"passed","Tue Sep 29 07:44:57 UTC 2026","Tue Sep 29 07:44:58 UTC 2026","1144","","End-to-End Checkout Flow","","Checkout fails without filling in required fields","","Checkout fails without filling in required fields","  As a ShopSphere customer
  I want to complete a purchase
  So that I can receive my ordered items"
"passed","Tue Sep 29 07:43:32 UTC 2026","Tue Sep 29 07:43:35 UTC 2026","3319","","Product Browsing","","View product detail page","","View product detail page","  As a ShopSphere customer
  I want to browse and sort products
  So that I can find what I want to buy"
"passed","Tue Sep 29 07:42:14 UTC 2026","Tue Sep 29 07:42:19 UTC 2026","4025","","Product API - HTTP Protocol Validation","","POST create product returns HTTP 201","","POST create product returns HTTP 201","  As a QA Engineer
  I want to validate the Product REST API
  So that the SOA backend services meet contract requirements"
"passed","Tue Sep 29 07:44:54 UTC 2026","Tue Sep 29 07:44:57 UTC 2026","2516","","End-to-End Checkout Flow","","Complete successful checkout flow","","Complete successful checkout flow","  As a ShopSphere customer
  I want to complete a purchase
  So that I can receive my ordered items"
"passed","Tue Sep 29 07:42:19 UTC 2026","Tue Sep 29 07:42:19 UTC 2026","242","","User Service API Validation","","Login with valid credentials returns token","","Login with valid credentials returns token","  As a QA Engineer
  I want to validate User REST API endpoints
  So that user management SOA service is functioning correctly"
"passed","Tue Sep 29 07:42:14 UTC 2026","Tue Sep 29 07:42:18 UTC 2026","3994","","Product API - HTTP Protocol Validation","","GET products by category returns filtered results","","GET products by category returns filtered results","  As a QA Engineer
  I want to validate the Product REST API
  So that the SOA backend services meet contract requirements"
"passed","Tue Sep 29 07:44:58 UTC 2026","Tue Sep 29 07:45:00 UTC 2026","1583","","End-to-End Checkout Flow","","Multiple items can be purchased together","","Multiple items can be purchased together","  As a ShopSphere customer
  I want to complete a purchase
  So that I can receive my ordered items"
"passed","Tue Sep 29 07:43:28 UTC 2026","Tue Sep 29 07:43:32 UTC 2026","3253","","Product Browsing","","Sort products by name A to Z","","Sort products by name A to Z","  As a ShopSphere customer
  I want to browse and sort products
  So that I can find what I want to buy"
"passed","Tue Sep 29 07:42:14 UTC 2026","Tue Sep 29 07:42:19 UTC 2026","4049","","Product API - HTTP Protocol Validation","","PATCH partial update product price","","PATCH partial update product price","  As a QA Engineer
  I want to validate the Product REST API
  So that the SOA backend services meet contract requirements"
"passed","Tue Sep 29 07:43:05 UTC 2026","Tue Sep 29 07:43:08 UTC 2026","3292","","User Authentication","","Locked out user cannot login","","Locked out user cannot login","  As a ShopSphere customer
  I want to log into my account
  So that I can access my personalised shopping experience"
"passed","Tue Sep 29 07:43:22 UTC 2026","Tue Sep 29 07:43:25 UTC 2026","3254","","Product Browsing","","Products page displays items","","Products page displays items","  As a ShopSphere customer
  I want to browse and sort products
  So that I can find what I want to buy"
"passed","Tue Sep 29 07:42:19 UTC 2026","Tue Sep 29 07:42:19 UTC 2026","160","","User Service API Validation","","GET user by invalid ID returns HTTP 404","","GET user by invalid ID returns HTTP 404","  As a QA Engineer
  I want to validate User REST API endpoints
  So that user management SOA service is functioning correctly"
"passed","Tue Sep 29 07:42:14 UTC 2026","Tue Sep 29 07:42:18 UTC 2026","3991","","Product API - HTTP Protocol Validation","","GET product by invalid ID returns HTTP 404","","GET product by invalid ID returns HTTP 404","  As a QA Engineer
  I want to validate the Product REST API
  So that the SOA backend services meet contract requirements"
"passed","Tue Sep 29 07:43:08 UTC 2026","Tue Sep 29 07:43:12 UTC 2026","3292","","User Authentication","","Login validation with multiple user types","","Login validation with multiple user types","  As a ShopSphere customer
  I want to log into my account
  So that I can access my personalised shopping experience"
"passed","Tue Sep 29 07:43:12 UTC 2026","Tue Sep 29 07:43:19 UTC 2026","7019","","User Authentication","","Login validation with multiple user types","","Login validation with multiple user types","  As a ShopSphere customer
  I want to log into my account
  So that I can access my personalised shopping experience"
